{
    "dataRoles": [
        {
            "displayName": "Legend",
            "name": "category",
            "kind": "Grouping"
        },
        {
            "displayName": "Value",
            "name": "measure",
            "kind": "Measure"
        }
    ],
    "dataViewMappings": [
        {
            "conditions": [
                {
                    "category": {
                        "max": 1
                    },
                    "measure": {
                        "max": 1
                    }
                }
            ],
            "categorical": {
                "categories": {
                    "for": {
                        "in": "category"
                    },
                    "dataReductionAlgorithm": {
                        "top": {}
                    }
                },
                "values": {
                    "select": [
                        {
                            "bind": {
                                "to": "measure"
                            }
                        }
                    ]
                }
            }
        }
    ],
    "objects": {
        "enableAxis": {
            "displayName": "Enable Axis",
            "properties": {
                "show": {
                    "displayName": "Enable Axis",
                    "type": {
                        "bool": true
                    }
                }
            }
        }
    }
}
