{
  "visual": {
    "name": "barchart",
    "displayName": "barchart",
    "guid": "barchart0DF8AB49A5884B8B9F965E79780EB4AE",
    "visualClassName": "Visual",
    "version": "1.0.0",
    "description": "",
    "supportUrl": "",
    "gitHubUrl": ""
  },
  "apiVersion": "1.6.0",
  "author": {
    "name": "",
    "email": ""
  },
  "assets": {
    "icon": "assets/icon.png"
  },
  "externalJS": ["node_modules/d3/d3.min.js"],
  "style": "style/visual.less",
  "capabilities": "capabilities.json",
  "dependencies": "dependencies.json",
  "stringResources": []
}
